[
  {
    "id": "DELHI-1002",
    "title": "1002 Delhi Ave \u2014 Adjacent Infill Parcel",
    "address": "1002 Delhi Ave, Cincinnati, OH 45204",
    "type": "Land",
    "status": "Available",
    "assignment_price": 110000,
    "contract_price": 70000,
    "earnest_money": 250,
    "closing_days": 45,
    "lot_size": "Approx. 0.5\u20130.6 ac (buyer to verify)",
    "zoning": "Commercial/Mixed-Use potential (verify)",
    "description": "Adjacent parcel suitable for commercial or small mixed-use. Utilities nearby; zoning and flood status to be verified by buyer.",
    "images": [
      "assets/placeholder_land.jpg"
    ],
    "notes": [
      "Assignment deal",
      "Two-lot assemblage available",
      "Call for buyer packet"
    ]
  },
  {
    "id": "DELHI-1004",
    "title": "1004 Delhi Ave \u2014 Vacant Lot (Infill)",
    "address": "1004 Delhi Ave, Cincinnati, OH 45204",
    "type": "Land",
    "status": "Available",
    "assignment_price": 9900,
    "contract_price": 5000,
    "earnest_money": 250,
    "closing_days": 45,
    "lot_size": "Approx. 0.59 ac (Auditor)",
    "zoning": "Residential/Verify buildability; likely Zone X (buyer to confirm)",
    "description": "Affordable infill lot; water at street. Ideal for neighboring owners, builders, or land bank.",
    "images": [
      "assets/placeholder_land.jpg"
    ],
    "notes": [
      "As-is, where-is",
      "Buyer to verify utilities & zoning"
    ]
  },
  {
    "id": "PORTFOLIO-43224",
    "title": "Columbus 43224 Mini-Portfolio (3 Props)",
    "address": "Walford St / Ferris Rd / Womper Rd \u2014 Columbus, OH 43224",
    "type": "Single-Family / Portfolio",
    "status": "Coming Soon",
    "assignment_price": 0,
    "contract_price": 0,
    "earnest_money": 0,
    "closing_days": 0,
    "lot_size": "",
    "zoning": "",
    "description": "Three-property package ideal for BRRRR or flip. ARV $150k\u2013$230k per door. Call for pricing & access.",
    "images": [
      "assets/placeholder_house.jpg"
    ],
    "notes": [
      "Package or individual",
      "Strong 43224 comps"
    ]
  }
]